{
  "parameters": {
    "min_members": 8,
    "max_members": 300,
    "n_pathways_universe": 550,
    "n_chd_reference": 36,
    "n_seeds": 10,
    "n_hop1_genes": 11146,
    "n_gene_universe": 12998,
    "small_universe": false,
    "b0_enabled": true
  },
  "methods": [
    {
      "n_scored": 550.0,
      "n_reference": 18.0,
      "background_rate": 0.03272727272727273,
      "precision_at_10": 0.4,
      "enrichment_at_10": 12.222222222222221,
      "recall_at_10": 0.2222222222222222,
      "ndcg_at_10": 0.4920062203073637,
      "precision_at_20": 0.4,
      "enrichment_at_20": 12.222222222222221,
      "recall_at_20": 0.4444444444444444,
      "ndcg_at_20": 0.49716873686997043,
      "precision_at_50": 0.2,
      "enrichment_at_50": 6.111111111111111,
      "recall_at_50": 0.5555555555555556,
      "ndcg_at_50": 0.5538984697552205,
      "mean_ref_rank": 83.33333333333333,
      "average_precision": 0.3428894942689527,
      "method": "degree_overlap",
      "description": "Degree-weighted seed overlap: score(p)=sum(degree_cond(g) for g in seeds\u2229members(p))/sqrt(|members(p)|)"
    },
    {
      "n_scored": 550.0,
      "n_reference": 18.0,
      "background_rate": 0.03272727272727273,
      "precision_at_10": 0.3,
      "enrichment_at_10": 9.166666666666666,
      "recall_at_10": 0.16666666666666666,
      "ndcg_at_10": 0.21501812929496175,
      "precision_at_20": 0.2,
      "enrichment_at_20": 6.111111111111111,
      "recall_at_20": 0.2222222222222222,
      "ndcg_at_20": 0.18950677819486567,
      "precision_at_50": 0.18,
      "enrichment_at_50": 5.499999999999999,
      "recall_at_50": 0.5,
      "ndcg_at_50": 0.3396088230781908,
      "mean_ref_rank": 120.0,
      "average_precision": 0.15614096506891179,
      "method": "seed_fisher",
      "description": "Hypergeometric on 10 seeds (BIFO universe)"
    },
    {
      "n_scored": 550.0,
      "n_reference": 18.0,
      "background_rate": 0.03272727272727273,
      "precision_at_10": 0.0,
      "enrichment_at_10": 0.0,
      "recall_at_10": 0.0,
      "ndcg_at_10": 0.0,
      "precision_at_20": 0.0,
      "enrichment_at_20": 0.0,
      "recall_at_20": 0.0,
      "ndcg_at_20": 0.0,
      "precision_at_50": 0.0,
      "enrichment_at_50": 0.0,
      "recall_at_50": 0.0,
      "ndcg_at_50": 0.0,
      "mean_ref_rank": 243.05555555555554,
      "average_precision": 0.036465323989874024,
      "method": "neighborhood_fisher",
      "description": "Hypergeometric on 11146 1-hop genes (BIFO universe)"
    },
    {
      "n_scored": 550.0,
      "n_reference": 18.0,
      "background_rate": 0.03272727272727273,
      "precision_at_10": 0.1,
      "enrichment_at_10": 3.0555555555555554,
      "recall_at_10": 0.05555555555555555,
      "ndcg_at_10": 0.22009176629808017,
      "precision_at_20": 0.05,
      "enrichment_at_20": 1.5277777777777777,
      "recall_at_20": 0.05555555555555555,
      "ndcg_at_20": 0.15194751309721466,
      "precision_at_50": 0.06,
      "enrichment_at_50": 1.833333333333333,
      "recall_at_50": 0.16666666666666666,
      "ndcg_at_50": 0.21177664233949434,
      "mean_ref_rank": 161.94444444444446,
      "average_precision": 0.11673827774443415,
      "method": "raw_ppr_gsea",
      "description": "Preranked GSEA on raw PPR scores (BIFO universe)"
    },
    {
      "n_scored": 550.0,
      "n_reference": 18.0,
      "background_rate": 0.03272727272727273,
      "precision_at_10": 0.1,
      "enrichment_at_10": 3.0555555555555554,
      "recall_at_10": 0.05555555555555555,
      "ndcg_at_10": 0.22009176629808017,
      "precision_at_20": 0.05,
      "enrichment_at_20": 1.5277777777777777,
      "recall_at_20": 0.05555555555555555,
      "ndcg_at_20": 0.15194751309721466,
      "precision_at_50": 0.02,
      "enrichment_at_50": 0.611111111111111,
      "recall_at_50": 0.05555555555555555,
      "ndcg_at_50": 0.15194751309721466,
      "mean_ref_rank": 259.94444444444446,
      "average_precision": 0.08770062554242863,
      "method": "cond_ppr_gsea",
      "description": "Preranked GSEA on conditioned PPR scores (BIFO universe)"
    },
    {
      "n_scored": 550.0,
      "n_reference": 18.0,
      "background_rate": 0.03272727272727273,
      "precision_at_10": 0.7,
      "enrichment_at_10": 21.388888888888886,
      "recall_at_10": 0.3888888888888889,
      "ndcg_at_10": 0.7529694065526482,
      "precision_at_20": 0.35,
      "enrichment_at_20": 10.694444444444443,
      "recall_at_20": 0.3888888888888889,
      "ndcg_at_20": 0.5198369329682573,
      "precision_at_50": 0.16,
      "enrichment_at_50": 4.888888888888888,
      "recall_at_50": 0.4444444444444444,
      "ndcg_at_50": 0.5508030835551895,
      "mean_ref_rank": 86.55555555555556,
      "average_precision": 0.4075827205782675,
      "method": "bifo_full",
      "description": "BIFO-conditioned degree_norm pathway scoring"
    }
  ]
}