{
  "n_splits_total": 3003,
  "n_splits_run": 3003,
  "exhaustive": true,
  "alpha": 0.5,
  "pathway_universe": 550,
  "chd_reference": 18,
  "background_rate": 0.03272727272727273,
  "original_split": {
    "split_id": "0-1-2-3-4-5-6-7-8-9",
    "is_original": 1,
    "seeds": "C1414995,C1413784,C1420615,C1334889,C1417767,C1415466,C1415467,C1417541,C1414996,C1420603",
    "heldout": "C1424490,C1417542,C1335280,C1416525,C1333569",
    "bifo_p10": 0.7,
    "bifo_p20": 0.35,
    "bifo_enrich10": 21.388888888888886,
    "bifo_ndcg10": 0.7600791051976192,
    "bifo_ap": 0.40837747108120115,
    "bifo_mean_rank": 112.77777777777777,
    "rank_improvement": 99.22222222222223,
    "gene_auprc": 0.8051948051948052,
    "sf_p10": 0.4,
    "sf_ap": 0.4310144894509536,
    "bifo_beats_sf_ap": 0
  },
  "robustness": {
    "bifo_p10_ge_0.5": 1555,
    "bifo_p10_ge_0.3": 2857,
    "rank_imp_positive": 3003,
    "bifo_beats_sf_ap": 687
  },
  "metrics": {
    "split_id": {},
    "bifo_p10": {
      "n": 3003,
      "mean": 0.44515484515484505,
      "sd": 0.12272853296523374,
      "min": 0.1,
      "p25": 0.4,
      "median": 0.5,
      "p75": 0.5,
      "max": 0.7
    },
    "bifo_p20": {
      "n": 3003,
      "mean": 0.29945054945054944,
      "sd": 0.04831123215253782,
      "min": 0.1,
      "p25": 0.25,
      "median": 0.3,
      "p75": 0.35,
      "max": 0.45
    },
    "bifo_enrich10": {
      "n": 3003,
      "mean": 13.601953601953602,
      "sd": 3.7500385072710305,
      "min": 3.0555555555555554,
      "p25": 12.222222222222221,
      "median": 15.277777777777777,
      "p75": 15.277777777777777,
      "max": 21.388888888888886
    },
    "bifo_ndcg10": {
      "n": 3003,
      "mean": 0.5226980094825309,
      "sd": 0.1422696674322511,
      "min": 0.06362078819895171,
      "p25": 0.4472539411173282,
      "median": 0.5541432109622958,
      "p75": 0.6168295842361274,
      "max": 0.7600791051976192
    },
    "bifo_ap": {
      "n": 3003,
      "mean": 0.3046652173182729,
      "sd": 0.06567203282988816,
      "min": 0.13577705990975147,
      "p25": 0.26490801390993435,
      "median": 0.31086670358690666,
      "p75": 0.3537155495957266,
      "max": 0.4482513664714275
    },
    "bifo_mean_rank": {
      "n": 3003,
      "mean": 128.23136123136123,
      "sd": 27.435711447966874,
      "min": 84.61111111111111,
      "p25": 108.44444444444444,
      "median": 122.5,
      "p75": 142.11111111111111,
      "max": 269.22222222222223
    },
    "rank_improvement": {
      "n": 3003,
      "mean": 92.95844895844895,
      "sd": 16.84033137367599,
      "min": 28.444444444444457,
      "p25": 82.83333333333331,
      "median": 93.49999999999999,
      "p75": 103.94444444444443,
      "max": 139.05555555555554
    },
    "gene_auprc": {
      "n": 3003,
      "mean": 0.8764818306454727,
      "sd": 0.12141241341996227,
      "min": 0.357257326007326,
      "p25": 0.8294117647058824,
      "median": 0.8909090909090909,
      "p75": 1.0,
      "max": 1.0
    },
    "sf_p10": {
      "n": 3003,
      "mean": 0.4388944388944389,
      "sd": 0.10594759671747965,
      "min": 0.2,
      "p25": 0.4,
      "median": 0.4,
      "p75": 0.5,
      "max": 0.8
    },
    "sf_ap": {
      "n": 3003,
      "mean": 0.35141914516216877,
      "sd": 0.062094172954810914,
      "min": 0.17094552630782198,
      "p25": 0.30775714244243324,
      "median": 0.3498896933463741,
      "p75": 0.3942941722375617,
      "max": 0.5323032958444079
    },
    "bifo_beats_sf_ap": {
      "n": 3003,
      "mean": 0.22877122877122877,
      "sd": 0.4201115639057127,
      "min": 0.0,
      "p25": 0.0,
      "median": 0.0,
      "p75": 0.0,
      "max": 1.0
    }
  }
}