{
  "n_splits_total": 3003,
  "n_splits_run": 3003,
  "exhaustive": true,
  "alpha": 0.5,
  "pathway_universe": 563,
  "chd_reference": 18,
  "background_rate": 0.03197158081705151,
  "original_split": {
    "split_id": "0-1-2-3-4-5-6-7-8-9",
    "is_original": 1,
    "seeds": "C1414995,C1413784,C1420615,C1334889,C1417767,C1415466,C1415467,C1417541,C1414996,C1420603",
    "heldout": "C1424490,C1417542,C1335280,C1416525,C1333569",
    "bifo_p10": 0.7,
    "bifo_p20": 0.35,
    "bifo_enrich10": 21.894444444444442,
    "bifo_ndcg10": 0.756902106715231,
    "bifo_ap": 0.4087562071311083,
    "bifo_mean_rank": 89.88888888888889,
    "rank_improvement": 128.94444444444446,
    "gene_auprc": 0.8142857142857143,
    "sf_p10": 0.4,
    "sf_ap": 0.4264120916208177,
    "bifo_beats_sf_ap": 0
  },
  "robustness": {
    "bifo_p10_ge_0.5": 1314,
    "bifo_p10_ge_0.3": 2835,
    "rank_imp_positive": 3003,
    "bifo_beats_sf_ap": 722
  },
  "metrics": {
    "split_id": {},
    "bifo_p10": {
      "n": 3003,
      "mean": 0.4302364302364302,
      "sd": 0.12064468748256399,
      "min": 0.0,
      "p25": 0.3,
      "median": 0.4,
      "p75": 0.5,
      "max": 0.7
    },
    "bifo_p20": {
      "n": 3003,
      "mean": 0.2838661338661339,
      "sd": 0.04642737405055959,
      "min": 0.15,
      "p25": 0.25,
      "median": 0.3,
      "p75": 0.3,
      "max": 0.4
    },
    "bifo_enrich10": {
      "n": 3003,
      "mean": 13.456839456839457,
      "sd": 3.773497725149085,
      "min": 0.0,
      "p25": 9.383333333333333,
      "median": 12.511111111111113,
      "p75": 15.63888888888889,
      "max": 21.894444444444442
    },
    "bifo_ndcg10": {
      "n": 3003,
      "mean": 0.5183316421959107,
      "sd": 0.13103364994877453,
      "min": 0.0,
      "p25": 0.4472539411173282,
      "median": 0.5423640154200349,
      "p75": 0.6051399156371955,
      "max": 0.756902106715231
    },
    "bifo_ap": {
      "n": 3003,
      "mean": 0.3076532139717522,
      "sd": 0.061499324652840116,
      "min": 0.1421370830817615,
      "p25": 0.2704826071864148,
      "median": 0.3117735814675268,
      "p75": 0.35344895890691896,
      "max": 0.4378292558741186
    },
    "bifo_mean_rank": {
      "n": 3003,
      "mean": 109.29244829244828,
      "sd": 25.834900930302283,
      "min": 63.77777777777778,
      "p25": 90.30555555555554,
      "median": 104.61111111111111,
      "p75": 123.72222222222223,
      "max": 233.5
    },
    "rank_improvement": {
      "n": 3003,
      "mean": 118.25537425537425,
      "sd": 16.75456565204296,
      "min": 57.66666666666666,
      "p25": 107.3611111111111,
      "median": 118.3888888888889,
      "p75": 129.77777777777777,
      "max": 166.0
    },
    "gene_auprc": {
      "n": 3003,
      "mean": 0.8681015918256294,
      "sd": 0.1210277493795187,
      "min": 0.35424924924924933,
      "p25": 0.8222222222222223,
      "median": 0.8769230769230769,
      "p75": 0.9666666666666667,
      "max": 1.0
    },
    "sf_p10": {
      "n": 3003,
      "mean": 0.4388944388944389,
      "sd": 0.10594759671747965,
      "min": 0.2,
      "p25": 0.4,
      "median": 0.4,
      "p75": 0.5,
      "max": 0.8
    },
    "sf_ap": {
      "n": 3003,
      "mean": 0.3492396542902067,
      "sd": 0.061956081479669835,
      "min": 0.1700013430449513,
      "p25": 0.30574002852783044,
      "median": 0.34704316169367977,
      "p75": 0.39191629418699947,
      "max": 0.5290834517461617
    },
    "bifo_beats_sf_ap": {
      "n": 3003,
      "mean": 0.24042624042624042,
      "sd": 0.42741349605077666,
      "min": 0.0,
      "p25": 0.0,
      "median": 0.0,
      "p75": 0.0,
      "max": 1.0
    }
  }
}