{
  "parameters": {
    "alpha": 0.5,
    "n_seeds_provided": 10,
    "n_seeds_in_graph": 10,
    "n_heldout_provided": 5,
    "n_heldout_in_graph": 5,
    "missing_seeds": [],
    "missing_heldout": []
  },
  "coverage": {
    "total_nodes": 34523,
    "total_concept_nodes": 34523,
    "total_code_nodes": 0,
    "resolved_code_nodes": 0,
    "unresolved_code_nodes": 0,
    "resolved_concept_nodes": 18897,
    "unresolved_concept_nodes": 15626,
    "concept_fallthrough_count": 15626,
    "level1_concept_coverage": 0.5473742142919213,
    "total_edges": 174352,
    "total_concept_edges": 174352,
    "concept_edges_with_resolved_endpoints": 142138,
    "kept_edges": 105192,
    "dropped_edges": 69160,
    "dropped_non_flow": 348,
    "dropped_unmapped_predicate": 36598,
    "dropped_unresolved_entity": 32214,
    "level2_edge_coverage": 0.6033311920712122
  },
  "concept_fallthrough_count": 15626,
  "concept_fallthrough_preview": [
    "C4264045",
    "C4264682",
    "C1953291",
    "C3537310",
    "C0872079",
    "C0449259",
    "C0478012",
    "C0266015",
    "C4025324",
    "C0009681",
    "C0001118",
    "C0243050",
    "C0021296",
    "C0262361",
    "C0265736",
    "C1290857",
    "C2183966",
    "DGNAGE:DGN6427db55f796afe2329e12f8586bae34",
    "DGNAGE:DGNbc6c5f1f6ebdde53f410d879897e9efe",
    "DGNAGE:DGN26a3723bb14e1c1fb762b86c32fc03d5",
    "DGNAGE:DGN1396acca10aaccfd444cb15992c87cb0",
    "DGNAGE:DGN013fc4926cf3ca395afe4580d58ceed9",
    "DGNAGE:DGNc6b986c299c0628694a1d97a2d00b5fd",
    "DGNAGE:DGNa76aafff850c19945e18631361496a42",
    "DGNAGE:DGNf727036763ec9163b2c6e088faa54dfa",
    "DGNAGE:DGNfea66c09d9e97ae68bad3a34777bc568",
    "DGNAGE:DGN68b9cc924c01a0723a696b165459c2e9",
    "DGNAGE:DGNb613b244369012336558da301dc70648",
    "DGNAGE:DGNf99fb02e274f729973d930b84be18ebf",
    "DGNAGE:DGN33475404fd2f2b663b4bf9b02743278c",
    "DGNAGE:DGN08f79c3adea743d5ebe31fed26303bdf",
    "DGNAGE:DGNb712734657fd879b54f375966ea7a0f0",
    "DGNAGE:DGN86d59b84f11d30bcd270250d94864b25",
    "DGNAGE:DGN5b9b02f9d7d497a44a3eed4fa0216e97",
    "DGNAGE:DGN42c0075699886a25e8eda63c22fda76e",
    "DGNAGE:DGN7698d589c27afb226628e662714829d7",
    "DGNAGE:DGNaa5f8e789d984058a7998fdf2874cfd3",
    "DGNAGE:DGN862053a41cccd41616f70b04425b921b",
    "DGNAGE:DGNc217aa32896c760064a9504ff944a69e",
    "DGNAGE:DGN873e0363e4a7f646f637cfd10f3ce7e5",
    "DGNAGE:DGNc20884ff38883d7f59f43858e6d60f1e",
    "DGNAGE:DGN4c2e3e1a4e9f7d3e1de08d1fcaefa8c8",
    "DGNAGE:DGN961e2cad1724e004158ca2c491736d8a",
    "DGNAGE:DGN132f1cd158543816f6fcded78d62880b",
    "DGNAGE:DGNbc7282f5900145681b5530e332f70033",
    "DGNAGE:DGNa73835f1a04f2c5427a2408a8e3ed9d1",
    "DGNAGE:DGN8bf343d07e0972b220ef6c09a9ab8512",
    "DGNAGE:DGN559f8c3fb0b49369834fc208ea8d939d",
    "DGNAGE:DGN490d47a07c4b629bef4255ddc6eba9f7",
    "DGNAGE:DGN6734d5fabcd8861a976bf3c4aac64a33",
    "DGNAGE:DGN3f71e2564c85c7e4ec658599942c998d",
    "DGNAGE:DGN26b12a50f19eddf0087bfa14d4b5d24d",
    "DGNAGE:DGN552d0723714e00e3c4f678c132e4886b",
    "DGNAGE:DGN20c96bb44b3172ea3f16b72252fd6946",
    "DGNAGE:DGN287d959a55e27f56930824c1b64fa257",
    "DGNAGE:DGN17742bf5233a0a6ebc605825eac83812",
    "DGNAGE:DGN45947e64a5a9c086eba5b9a7d5795935",
    "DGNAGE:DGN5f38eaca8d16ed7028f5955208507027",
    "DGNAGE:DGN4144e86ec4797bdcc3fbf54b74884a50",
    "DGNAGE:DGNcbb71fc65c73ae55f36c9fe47ab031ae",
    "DGNAGE:DGN277c3ac2608e1dc737af8ed553de2287",
    "DGNAGE:DGN8f2f744447911f037f7893d4c5501b9c",
    "DGNAGE:DGN1b89852089927897eeb878cd8f96e539",
    "DGNAGE:DGNbebcd0f43e8bca22dd727a53cb129c4f",
    "DGNAGE:DGN8dfde63808fd594febd6ed8cbceac5b9",
    "DGNGCM:DGNb6c9479f1e6e48bfc0c812c6525427dd",
    "DGNAGE:DGN094c2546d24c436fe79c7281477f77c6",
    "DGNAGE:DGN51d6d88c4b56e7ec816f0458ffc449cf",
    "DGNAGE:DGN248e4e923981b529c6b64dfdc656d2b7",
    "DGNAGE:DGNe6435da1fc0cdcb77eafd1079474c5a3",
    "DGNAGE:DGNd294a8afdb5d2975dac4498ae82a4e32",
    "DGNAGE:DGN89bfd27c58b977071690e81eaaa5b4cd",
    "DGNAGE:DGN20fbd30d851fa93212085429d1006b7e",
    "DGNAGE:DGNbef8b44a04c08ddb21067fce6dbd9499",
    "DGNAGE:DGN729ca1c1e6c475f782e0cbcb39f62b63",
    "DGNAGE:DGNe47e454c6d1006edddaa2c63fa959649",
    "DGNAGE:DGN69cdbd95f940f77cc4709111bb362241",
    "DGNAGE:DGNc53e1611ea48ce24b452be0737f2a555",
    "DGNAGE:DGN8cbb3af893ead148443ca86c8714cea6",
    "DGNAGE:DGN2eaa353af0220d9838e15b8d0976cdb6",
    "DGNAGE:DGNc5e75bba2cddccd11c65bdfb14bb1b5a",
    "DGNAGE:DGN66a1e45fc6c67f0eab2a4a7f4a599bbf",
    "DGNAGE:DGNfef6c31e92b027486247a146bdd5c560",
    "DGNAGE:DGN944bbf6b59af83d9da938ff234e6801e",
    "DGNGV:DGNb1fa30854d5f577fa72b10500a4d9cf8",
    "DGNAGE:DGNc9e7d1fc06afe030a24d66af7b059b42",
    "DGNAGE:DGN93fa54d9737a1c8e62992f38a6f3c765",
    "DGNAGE:DGN9d17dc516717f8268f9e79c0464ce593",
    "DGNAGE:DGNc398477b5f92e9a5b4d89514b1824bdd",
    "DGNAGE:DGN83fa68860d9b83958748fc3d7f5c342a",
    "DGNAGE:DGN27b7eff53e52131466dd42dcaad0a196",
    "DGNAGE:DGN1e76a30051dccecc0ad921d72725528f",
    "DGNAGE:DGNb473aef65ddf658fcf2d29f25367ad7c",
    "DGNAGE:DGNcff3059540ba7c686c53a0731b34c459",
    "DGNGV:DGNf7434a8d595085e589854799caa5d40d",
    "DGNAGE:DGNda9cc8b5309d5739e74c3525b036c758",
    "DGNAGE:DGN479dfac1e7d192373d294b8dc69c6081",
    "DGNAGE:DGNbdd4673f2039309f111ea4e933a7a494",
    "DGNAGE:DGN208eae8a3fc9938210868bcd7f166e42",
    "DGNAGE:DGNb9349021dbc3b9841d2714fc2dedc1ad"
  ],
  "graph_stats": {
    "raw_concept_edges": 174352,
    "conditioned_propagating_edges": 9710,
    "flow_class_distribution": {
      "Translation": 46,
      "Signal Transduction": 5786,
      "Signal Termination": 484,
      "Transcription": 1568,
      "Perturbational Effect": 1800,
      "Genetic Regulatory Modulation": 20,
      "Protein Interaction": 6
    }
  },
  "raw": {
    "auroc": 0.9997102960774089,
    "auprc": 0.22147852147852148,
    "localization": 0.014658712674831972,
    "topk_50": 0.1,
    "topk_100": 0.05,
    "entropy": 5.727778839654352
  },
  "metadata_filtered": {
    "auroc": 0.9997102960774089,
    "auprc": 0.22147852147852148,
    "localization": 0.0182754463540781,
    "topk_50": 0.1,
    "topk_100": 0.05,
    "entropy": 5.648174741741464
  },
  "conditioned": {
    "auroc": 0.9982675705429052,
    "auprc": 0.14855923882293054,
    "localization": 0.004770791843917583,
    "topk_50": 0.08,
    "topk_100": 0.04,
    "entropy": 4.769676108074777
  },
  "random_sparsification_control": {
    "auroc": 0.9817892114259227,
    "auprc": 0.04856074680910313,
    "localization": 0.002866384661281943,
    "topk_50": 0.04,
    "topk_100": 0.02,
    "entropy": 4.775401853697168
  }
}