{
  "parameters": {
    "min_members": 8,
    "max_members": 300,
    "n_pathways_universe": 550,
    "n_chd_reference": 10,
    "n_seeds": 63,
    "n_hop1_genes": 1322,
    "n_gene_universe": 12945
  },
  "methods": [
    {
      "n_scored": 550.0,
      "n_reference": 10.0,
      "background_rate": 0.01818181818181818,
      "precision_at_10": 0.0,
      "enrichment_at_10": 0.0,
      "recall_at_10": 0.0,
      "ndcg_at_10": 0.0,
      "precision_at_20": 0.0,
      "enrichment_at_20": 0.0,
      "recall_at_20": 0.0,
      "ndcg_at_20": 0.0,
      "precision_at_50": 0.0,
      "enrichment_at_50": 0.0,
      "recall_at_50": 0.0,
      "ndcg_at_50": 0.0,
      "mean_ref_rank": 307.6,
      "average_precision": 0.01665988317699911,
      "method": "seed_fisher",
      "description": "Hypergeometric on 63 seeds (BIFO universe)"
    },
    {
      "n_scored": 550.0,
      "n_reference": 10.0,
      "background_rate": 0.01818181818181818,
      "precision_at_10": 0.1,
      "enrichment_at_10": 5.500000000000001,
      "recall_at_10": 0.1,
      "ndcg_at_10": 0.22009176629808017,
      "precision_at_20": 0.1,
      "enrichment_at_20": 5.500000000000001,
      "recall_at_20": 0.2,
      "ndcg_at_20": 0.27020011346731576,
      "precision_at_50": 0.1,
      "enrichment_at_50": 5.500000000000001,
      "recall_at_50": 0.5,
      "ndcg_at_50": 0.39415158448877907,
      "mean_ref_rank": 139.3,
      "average_precision": 0.1640170470605681,
      "method": "neighborhood_fisher",
      "description": "Hypergeometric on 1322 1-hop genes (BIFO universe)"
    },
    {
      "n_scored": 550.0,
      "n_reference": 10.0,
      "background_rate": 0.01818181818181818,
      "precision_at_10": 0.0,
      "enrichment_at_10": 0.0,
      "recall_at_10": 0.0,
      "ndcg_at_10": 0.0,
      "precision_at_20": 0.0,
      "enrichment_at_20": 0.0,
      "recall_at_20": 0.0,
      "ndcg_at_20": 0.0,
      "precision_at_50": 0.02,
      "enrichment_at_50": 1.1,
      "recall_at_50": 0.1,
      "ndcg_at_50": 0.040815803121742565,
      "mean_ref_rank": 174.3,
      "average_precision": 0.035938190197773466,
      "method": "raw_ppr_gsea",
      "description": "Preranked GSEA on raw PPR scores (BIFO universe)"
    },
    {
      "n_scored": 550.0,
      "n_reference": 10.0,
      "background_rate": 0.01818181818181818,
      "precision_at_10": 0.0,
      "enrichment_at_10": 0.0,
      "recall_at_10": 0.0,
      "ndcg_at_10": 0.0,
      "precision_at_20": 0.0,
      "enrichment_at_20": 0.0,
      "recall_at_20": 0.0,
      "ndcg_at_20": 0.0,
      "precision_at_50": 0.02,
      "enrichment_at_50": 1.1,
      "recall_at_50": 0.1,
      "ndcg_at_50": 0.040815803121742565,
      "mean_ref_rank": 161.6,
      "average_precision": 0.040945288441546955,
      "method": "cond_ppr_gsea",
      "description": "Preranked GSEA on conditioned PPR scores (BIFO universe)"
    },
    {
      "n_scored": 550.0,
      "n_reference": 10.0,
      "background_rate": 0.01818181818181818,
      "precision_at_10": 0.1,
      "enrichment_at_10": 5.500000000000001,
      "recall_at_10": 0.1,
      "ndcg_at_10": 0.22009176629808017,
      "precision_at_20": 0.1,
      "enrichment_at_20": 5.500000000000001,
      "recall_at_20": 0.2,
      "ndcg_at_20": 0.2751147078726002,
      "precision_at_50": 0.12,
      "enrichment_at_50": 6.6,
      "recall_at_50": 0.6,
      "ndcg_at_50": 0.43675427628351177,
      "mean_ref_rank": 148.7,
      "average_precision": 0.17385837796792505,
      "method": "bifo_full",
      "description": "BIFO-conditioned degree_norm pathway scoring"
    }
  ]
}