{
  "parameters": {
    "min_members": 8,
    "max_members": 300,
    "n_pathways_universe": 4535,
    "n_chd_reference": 19,
    "n_seeds": 1276,
    "n_hop1_genes": 58846,
    "n_gene_universe": 22628,
    "small_universe": true,
    "b0_enabled": false
  },
  "methods": [
    {
      "n_scored": 4535.0,
      "n_reference": 18.0,
      "background_rate": 0.003969128996692392,
      "precision_at_10": 0.3,
      "enrichment_at_10": 75.58333333333333,
      "recall_at_10": 0.16666666666666666,
      "ndcg_at_10": 0.424926013816671,
      "precision_at_20": 0.15,
      "enrichment_at_20": 37.791666666666664,
      "recall_at_20": 0.16666666666666666,
      "ndcg_at_20": 0.2933615015943422,
      "precision_at_50": 0.08,
      "enrichment_at_50": 20.155555555555555,
      "recall_at_50": 0.2222222222222222,
      "ndcg_at_50": 0.3260816175686023,
      "mean_ref_rank": 868.4444444444445,
      "average_precision": 0.15890028865717018,
      "method": "seed_fisher",
      "description": "Hypergeometric on 1276 seeds (BIFO universe)"
    },
    {
      "n_scored": 4535.0,
      "n_reference": 18.0,
      "background_rate": 0.003969128996692392,
      "precision_at_10": 0.0,
      "enrichment_at_10": 0.0,
      "recall_at_10": 0.0,
      "ndcg_at_10": 0.0,
      "precision_at_20": 0.0,
      "enrichment_at_20": 0.0,
      "recall_at_20": 0.0,
      "ndcg_at_20": 0.0,
      "precision_at_50": 0.0,
      "enrichment_at_50": 0.0,
      "recall_at_50": 0.0,
      "ndcg_at_50": 0.0,
      "mean_ref_rank": 2817.3888888888887,
      "average_precision": 0.0034580886590409193,
      "method": "neighborhood_fisher",
      "description": "Hypergeometric on 58846 1-hop genes (BIFO universe)"
    },
    {
      "n_scored": 4535.0,
      "n_reference": 18.0,
      "background_rate": 0.003969128996692392,
      "precision_at_10": 0.0,
      "enrichment_at_10": 0.0,
      "recall_at_10": 0.0,
      "ndcg_at_10": 0.0,
      "precision_at_20": 0.0,
      "enrichment_at_20": 0.0,
      "recall_at_20": 0.0,
      "ndcg_at_20": 0.0,
      "precision_at_50": 0.0,
      "enrichment_at_50": 0.0,
      "recall_at_50": 0.0,
      "ndcg_at_50": 0.0,
      "mean_ref_rank": 2720.3888888888887,
      "average_precision": 0.003184180675825358,
      "method": "raw_ppr_gsea",
      "description": "Preranked GSEA on raw PPR scores (BIFO universe)"
    },
    {
      "n_scored": 4535.0,
      "n_reference": 18.0,
      "background_rate": 0.003969128996692392,
      "precision_at_10": 0.0,
      "enrichment_at_10": 0.0,
      "recall_at_10": 0.0,
      "ndcg_at_10": 0.0,
      "precision_at_20": 0.0,
      "enrichment_at_20": 0.0,
      "recall_at_20": 0.0,
      "ndcg_at_20": 0.0,
      "precision_at_50": 0.0,
      "enrichment_at_50": 0.0,
      "recall_at_50": 0.0,
      "ndcg_at_50": 0.0,
      "mean_ref_rank": 3069.4444444444443,
      "average_precision": 0.002936935499094448,
      "method": "cond_ppr_gsea",
      "description": "Preranked GSEA on conditioned PPR scores (BIFO universe)"
    },
    {
      "n_scored": 5104.0,
      "n_reference": 19.0,
      "background_rate": 0.0037225705329153604,
      "precision_at_10": 0.1,
      "enrichment_at_10": 26.863157894736844,
      "recall_at_10": 0.05263157894736842,
      "ndcg_at_10": 0.22009176629808017,
      "precision_at_20": 0.05,
      "enrichment_at_20": 13.431578947368422,
      "recall_at_20": 0.05263157894736842,
      "ndcg_at_20": 0.1467868763787456,
      "precision_at_50": 0.04,
      "enrichment_at_50": 10.745263157894737,
      "recall_at_50": 0.10526315789473684,
      "ndcg_at_50": 0.17880172412409967,
      "mean_ref_rank": 1250.7368421052631,
      "average_precision": 0.072106339082953,
      "method": "bifo_full",
      "description": "BIFO-conditioned degree_norm pathway scoring"
    }
  ]
}