{
  "parameters": {
    "alpha": 0.5,
    "n_seeds_provided": 55,
    "n_seeds_in_graph": 55,
    "n_heldout_provided": 55,
    "n_heldout_in_graph": 55,
    "missing_seeds": [],
    "missing_heldout": []
  },
  "coverage": {
    "total_nodes": 815248,
    "total_concept_nodes": 815248,
    "total_code_nodes": 0,
    "resolved_code_nodes": 0,
    "unresolved_code_nodes": 0,
    "resolved_concept_nodes": 466488,
    "unresolved_concept_nodes": 348760,
    "concept_fallthrough_count": 348760,
    "level1_concept_coverage": 0.5722037956548192,
    "total_edges": 6217714,
    "total_concept_edges": 5652614,
    "concept_edges_with_resolved_endpoints": 4910680,
    "kept_edges": 2490510,
    "dropped_edges": 3162104,
    "dropped_non_flow": 18210,
    "dropped_unmapped_predicate": 2401960,
    "dropped_unresolved_entity": 741934,
    "level2_edge_coverage": 0.4405943869508868
  },
  "concept_fallthrough_count": 348760,
  "concept_fallthrough_preview": [
    "-",
    "C0000618",
    "C0001038",
    "C0001109",
    "C0001118",
    "C0001414",
    "C0001457",
    "C0001473",
    "C0001924",
    "C0002059",
    "C0002191",
    "C0002335",
    "C0002555",
    "C0002564",
    "C0002641",
    "C0002644",
    "C0002697",
    "C0003006",
    "C0003017",
    "C0003143",
    "C0003420",
    "C0003596",
    "C0003618",
    "C0003776",
    "C0003778",
    "C0003805",
    "C0004259",
    "C0004609",
    "C0004827",
    "C0004906",
    "C0004975",
    "C0005321",
    "C0005443",
    "C0005690",
    "C0005821",
    "C0006230",
    "C0006388",
    "C0007261",
    "C0007367",
    "C0007550",
    "C0007552",
    "C0007556",
    "C0007716",
    "C0007722",
    "C0007735",
    "C0007737",
    "C0008269",
    "C0008280",
    "C0008290",
    "C0008296",
    "C0008318",
    "C0008385",
    "C0008473",
    "C0008745",
    "C0008929",
    "C0008932",
    "C0009008",
    "C0009010",
    "C0009074",
    "C0009077",
    "C0009262",
    "C0009523",
    "C0009526",
    "C0009681",
    "C0009812",
    "C0010590",
    "C0010620",
    "C0010666",
    "C0010805",
    "C0011015",
    "C0011103",
    "C0011145",
    "C0011685",
    "C0012022",
    "C0012125",
    "C0012291",
    "C0012524",
    "C0012702",
    "C0013015",
    "C0013390",
    "C0013456",
    "C0013615",
    "C0013765",
    "C0014272",
    "C0014467",
    "C0014597",
    "C0014792",
    "C0014912",
    "C0015021",
    "C0015046",
    "C0015133",
    "C0015338",
    "C0015402",
    "C0015502",
    "C0015522",
    "C0015525",
    "C0015840",
    "C0016011",
    "C0016055",
    "C0016282"
  ],
  "graph_stats": {
    "raw_concept_edges": 5652614,
    "conditioned_propagating_edges": 1449151,
    "flow_class_distribution": {
      "Protein Interaction": 169,
      "Signal Transduction": 475278,
      "Transcription": 146853,
      "Genetic Regulatory Modulation": 2141,
      "Pathway Contribution": 540420,
      "Translation": 2424,
      "Signal Termination": 34964,
      "Perturbational Effect": 246888,
      "Biochemical Transformation": 10,
      "Molecular \u2192 Phenotype": 4
    }
  },
  "raw": {
    "auroc": 1.0,
    "auprc": 1.0,
    "localization": 0.5991993134892962,
    "topk_50": 1.0,
    "topk_100": 0.55,
    "entropy": 7.340955316786394
  },
  "metadata_filtered": {
    "auroc": 1.0,
    "auprc": 1.0,
    "localization": 0.5913772838368545,
    "topk_50": 1.0,
    "topk_100": 0.55,
    "entropy": 7.289516175919117
  },
  "conditioned": {
    "auroc": 1.0,
    "auprc": 0.9999999999999999,
    "localization": 0.6644634756721914,
    "topk_50": 1.0,
    "topk_100": 0.55,
    "entropy": 6.474819685706056
  },
  "random_sparsification_control": {
    "auroc": 0.9999999999999999,
    "auprc": 1.0,
    "localization": 0.6082158597464069,
    "topk_50": 1.0,
    "topk_100": 0.55,
    "entropy": 7.134695324616215
  }
}