{
  "parameters": {
    "alpha": 0.5,
    "n_seeds_provided": 1276,
    "n_seeds_in_graph": 1276,
    "n_heldout_provided": 1276,
    "n_heldout_in_graph": 1276,
    "missing_seeds": [],
    "missing_heldout": []
  },
  "coverage": {
    "total_nodes": 815268,
    "total_concept_nodes": 815268,
    "total_code_nodes": 0,
    "resolved_code_nodes": 0,
    "unresolved_code_nodes": 0,
    "resolved_concept_nodes": 466488,
    "unresolved_concept_nodes": 348780,
    "concept_fallthrough_count": 348780,
    "level1_concept_coverage": 0.5721897584597948,
    "total_edges": 6218440,
    "total_concept_edges": 5653340,
    "concept_edges_with_resolved_endpoints": 4910680,
    "kept_edges": 2482752,
    "dropped_edges": 3170588,
    "dropped_non_flow": 18210,
    "dropped_unmapped_predicate": 2409718,
    "dropped_unresolved_entity": 742660,
    "level2_edge_coverage": 0.4391655198519813
  },
  "concept_fallthrough_count": 348780,
  "concept_fallthrough_preview": [
    "-",
    "C0000618",
    "C0001038",
    "C0001109",
    "C0001118",
    "C0001414",
    "C0001457",
    "C0001473",
    "C0001924",
    "C0002059",
    "C0002191",
    "C0002335",
    "C0002555",
    "C0002564",
    "C0002641",
    "C0002644",
    "C0002697",
    "C0003006",
    "C0003017",
    "C0003143",
    "C0003420",
    "C0003596",
    "C0003618",
    "C0003776",
    "C0003778",
    "C0003805",
    "C0004259",
    "C0004609",
    "C0004827",
    "C0004906",
    "C0004975",
    "C0005321",
    "C0005443",
    "C0005690",
    "C0005821",
    "C0006230",
    "C0006388",
    "C0007261",
    "C0007367",
    "C0007550",
    "C0007552",
    "C0007556",
    "C0007716",
    "C0007722",
    "C0007735",
    "C0007737",
    "C0008269",
    "C0008280",
    "C0008290",
    "C0008296",
    "C0008318",
    "C0008385",
    "C0008473",
    "C0008745",
    "C0008929",
    "C0008932",
    "C0009008",
    "C0009010",
    "C0009074",
    "C0009077",
    "C0009262",
    "C0009523",
    "C0009526",
    "C0009681",
    "C0009812",
    "C0010590",
    "C0010620",
    "C0010666",
    "C0010805",
    "C0011015",
    "C0011103",
    "C0011145",
    "C0011685",
    "C0012022",
    "C0012125",
    "C0012291",
    "C0012524",
    "C0012702",
    "C0013015",
    "C0013390",
    "C0013456",
    "C0013615",
    "C0013765",
    "C0014272",
    "C0014467",
    "C0014597",
    "C0014792",
    "C0014912",
    "C0015021",
    "C0015046",
    "C0015133",
    "C0015338",
    "C0015402",
    "C0015502",
    "C0015522",
    "C0015525",
    "C0015840",
    "C0016011",
    "C0016055",
    "C0016282"
  ],
  "graph_stats": {
    "raw_concept_edges": 5653340,
    "conditioned_propagating_edges": 2115572,
    "flow_class_distribution": {
      "Protein Interaction": 169,
      "Spatial constraint": 179873,
      "Signal Transduction": 475278,
      "Transcription": 146853,
      "Genetic Regulatory Modulation": 2141,
      "Pathway Contribution": 1026968,
      "Translation": 2424,
      "Signal Termination": 34964,
      "Perturbational Effect": 246888,
      "Biochemical Transformation": 10,
      "Molecular \u2192 Phenotype": 4
    }
  },
  "raw": {
    "auroc": 0.9999975429733954,
    "auprc": 0.9902351408734035,
    "localization": 0.612007901652071,
    "topk_50": 0.96,
    "topk_100": 0.98,
    "entropy": 9.580162677284616
  },
  "metadata_filtered": {
    "auroc": 0.9999975429733952,
    "auprc": 0.9902351408734035,
    "localization": 0.6069124968257833,
    "topk_50": 0.96,
    "topk_100": 0.98,
    "entropy": 9.469619017729439
  },
  "conditioned": {
    "auroc": 1.0,
    "auprc": 1.0,
    "localization": 0.6447703786204241,
    "topk_50": 1.0,
    "topk_100": 1.0,
    "entropy": 9.498083244071998
  },
  "random_sparsification_control": {
    "auroc": 0.9999975429733952,
    "auprc": 0.9902351876995342,
    "localization": 0.6164738083146223,
    "topk_50": 0.96,
    "topk_100": 0.98,
    "entropy": 9.506435219205878
  }
}