{
  "parameters": {
    "alpha": 0.5,
    "n_seeds_provided": 55,
    "n_seeds_in_graph": 55,
    "n_heldout_provided": 55,
    "n_heldout_in_graph": 55,
    "missing_seeds": [],
    "missing_heldout": []
  },
  "coverage": {
    "total_nodes": 66973,
    "total_concept_nodes": 66973,
    "total_code_nodes": 0,
    "resolved_code_nodes": 0,
    "unresolved_code_nodes": 0,
    "resolved_concept_nodes": 41249,
    "unresolved_concept_nodes": 25724,
    "concept_fallthrough_count": 25724,
    "level1_concept_coverage": 0.6159049169068131,
    "total_edges": 1422891,
    "total_concept_edges": 846139,
    "concept_edges_with_resolved_endpoints": 789325,
    "kept_edges": 654210,
    "dropped_edges": 191929,
    "dropped_non_flow": 871,
    "dropped_unmapped_predicate": 134244,
    "dropped_unresolved_entity": 56814,
    "level2_edge_coverage": 0.773170838361073
  },
  "concept_fallthrough_count": 25724,
  "concept_fallthrough_preview": [
    "C0000618",
    "C0001118",
    "C0002335",
    "C0002555",
    "C0002641",
    "C0002644",
    "C0002697",
    "C0003143",
    "C0003420",
    "C0003596",
    "C0004259",
    "C0004609",
    "C0004906",
    "C0004975",
    "C0005321",
    "C0005443",
    "C0006230",
    "C0006388",
    "C0007550",
    "C0007552",
    "C0007556",
    "C0007716",
    "C0007737",
    "C0008269",
    "C0008280",
    "C0008290",
    "C0008296",
    "C0008318",
    "C0008929",
    "C0008932",
    "C0009008",
    "C0009010",
    "C0009074",
    "C0009077",
    "C0009262",
    "C0009681",
    "C0009812",
    "C0010590",
    "C0010620",
    "C0011015",
    "C0011103",
    "C0011145",
    "C0011685",
    "C0012125",
    "C0012291",
    "C0012702",
    "C0013015",
    "C0013615",
    "C0014792",
    "C0014912",
    "C0015021",
    "C0015046",
    "C0015133",
    "C0016282",
    "C0016351",
    "C0016368",
    "C0016377",
    "C0016384",
    "C0016673",
    "C0016967",
    "C0017066",
    "C0020268",
    "C0021978",
    "C0022265",
    "C0022419",
    "C0022625",
    "C0022642",
    "C0022709",
    "C0022860",
    "C0023570",
    "C0023726",
    "C0023863",
    "C0025023",
    "C0025042",
    "C0025242",
    "C0025678",
    "C0025684",
    "C0025854",
    "C0026825",
    "C0027444",
    "C0027996",
    "C0028017",
    "C0030012",
    "C0030078",
    "C0030196",
    "C0030576",
    "C0031843",
    "C0031849",
    "C0031990",
    "C0032334",
    "C0033148",
    "C0033497",
    "C0034343",
    "C0034821",
    "C0036444",
    "C0036579",
    "C0038432",
    "C0038792",
    "C0039245",
    "C0039286"
  ],
  "graph_stats": {
    "raw_concept_edges": 846139,
    "conditioned_propagating_edges": 636498,
    "flow_class_distribution": {
      "Spatial constraint": 4574,
      "Transcription": 6613,
      "Genetic Regulatory Modulation": 106,
      "Pathway Contribution": 597342,
      "Translation": 106,
      "Perturbational Effect": 8738,
      "Signal Termination": 1247,
      "Signal Transduction": 17755,
      "Protein Interaction": 17
    }
  },
  "raw": {
    "auroc": 1.0,
    "auprc": 1.0,
    "localization": 0.6026346102090656,
    "topk_50": 1.0,
    "topk_100": 0.55,
    "entropy": 7.20932603224925
  },
  "metadata_filtered": {
    "auroc": 1.0,
    "auprc": 1.0,
    "localization": 0.5943088341269901,
    "topk_50": 1.0,
    "topk_100": 0.55,
    "entropy": 7.143968565185489
  },
  "conditioned": {
    "auroc": 1.0,
    "auprc": 1.0,
    "localization": 0.6348718356280415,
    "topk_50": 1.0,
    "topk_100": 0.55,
    "entropy": 6.745897716293957
  },
  "random_sparsification_control": {
    "auroc": 1.0,
    "auprc": 1.0,
    "localization": 0.6030915863518365,
    "topk_50": 1.0,
    "topk_100": 0.55,
    "entropy": 7.189076631183701
  }
}