{
  "parameters": {
    "min_members": 8,
    "max_members": 300,
    "n_pathways_universe": 4617,
    "n_chd_reference": 19,
    "n_seeds": 1395,
    "n_hop1_genes": 59033,
    "n_gene_universe": 22601,
    "small_universe": true,
    "b0_enabled": false
  },
  "methods": [
    {
      "n_scored": 4617.0,
      "n_reference": 18.0,
      "background_rate": 0.003898635477582846,
      "precision_at_10": 0.2,
      "enrichment_at_10": 51.300000000000004,
      "recall_at_10": 0.1111111111111111,
      "ndcg_at_10": 0.30523488393970116,
      "precision_at_20": 0.15,
      "enrichment_at_20": 38.475,
      "recall_at_20": 0.16666666666666666,
      "ndcg_at_20": 0.2531135219788801,
      "precision_at_50": 0.1,
      "enrichment_at_50": 25.650000000000002,
      "recall_at_50": 0.2777777777777778,
      "ndcg_at_50": 0.3167176700088625,
      "mean_ref_rank": 890.8333333333334,
      "average_precision": 0.12201762187078005,
      "method": "seed_fisher",
      "description": "Hypergeometric on 1395 seeds (BIFO universe)"
    },
    {
      "n_scored": 4617.0,
      "n_reference": 18.0,
      "background_rate": 0.003898635477582846,
      "precision_at_10": 0.0,
      "enrichment_at_10": 0.0,
      "recall_at_10": 0.0,
      "ndcg_at_10": 0.0,
      "precision_at_20": 0.0,
      "enrichment_at_20": 0.0,
      "recall_at_20": 0.0,
      "ndcg_at_20": 0.0,
      "precision_at_50": 0.0,
      "enrichment_at_50": 0.0,
      "recall_at_50": 0.0,
      "ndcg_at_50": 0.0,
      "mean_ref_rank": 2875.6111111111113,
      "average_precision": 0.0033435103403499536,
      "method": "neighborhood_fisher",
      "description": "Hypergeometric on 59033 1-hop genes (BIFO universe)"
    },
    {
      "n_scored": 4617.0,
      "n_reference": 18.0,
      "background_rate": 0.003898635477582846,
      "precision_at_10": 0.0,
      "enrichment_at_10": 0.0,
      "recall_at_10": 0.0,
      "ndcg_at_10": 0.0,
      "precision_at_20": 0.0,
      "enrichment_at_20": 0.0,
      "recall_at_20": 0.0,
      "ndcg_at_20": 0.0,
      "precision_at_50": 0.0,
      "enrichment_at_50": 0.0,
      "recall_at_50": 0.0,
      "ndcg_at_50": 0.0,
      "mean_ref_rank": 2751.3888888888887,
      "average_precision": 0.003143408253587064,
      "method": "raw_ppr_gsea",
      "description": "Preranked GSEA on raw PPR scores (BIFO universe)"
    },
    {
      "n_scored": 4617.0,
      "n_reference": 18.0,
      "background_rate": 0.003898635477582846,
      "precision_at_10": 0.0,
      "enrichment_at_10": 0.0,
      "recall_at_10": 0.0,
      "ndcg_at_10": 0.0,
      "precision_at_20": 0.0,
      "enrichment_at_20": 0.0,
      "recall_at_20": 0.0,
      "ndcg_at_20": 0.0,
      "precision_at_50": 0.0,
      "enrichment_at_50": 0.0,
      "recall_at_50": 0.0,
      "ndcg_at_50": 0.0,
      "mean_ref_rank": 3235.9444444444443,
      "average_precision": 0.002769489691087275,
      "method": "cond_ppr_gsea",
      "description": "Preranked GSEA on conditioned PPR scores (BIFO universe)"
    },
    {
      "n_scored": 5183.0,
      "n_reference": 19.0,
      "background_rate": 0.0036658306000385875,
      "precision_at_10": 0.1,
      "enrichment_at_10": 27.278947368421054,
      "recall_at_10": 0.05263157894736842,
      "ndcg_at_10": 0.22009176629808017,
      "precision_at_20": 0.05,
      "enrichment_at_20": 13.639473684210527,
      "recall_at_20": 0.05263157894736842,
      "ndcg_at_20": 0.1467868763787456,
      "precision_at_50": 0.04,
      "enrichment_at_50": 10.911578947368422,
      "recall_at_50": 0.10526315789473684,
      "ndcg_at_50": 0.17306939418612424,
      "mean_ref_rank": 1359.7894736842106,
      "average_precision": 0.06970797503356736,
      "method": "bifo_full",
      "description": "BIFO-conditioned degree_norm pathway scoring"
    }
  ]
}