{
  "parameters": {
    "min_members": 8,
    "max_members": 300,
    "n_pathways_universe": 4633,
    "n_chd_reference": 9,
    "n_seeds": 1395,
    "n_hop1_genes": 59033,
    "n_gene_universe": 22601
  },
  "methods": [
    {
      "n_scored": 4633.0,
      "n_reference": 8.0,
      "background_rate": 0.0017267429311461256,
      "precision_at_10": 0.0,
      "enrichment_at_10": 0.0,
      "recall_at_10": 0.0,
      "ndcg_at_10": 0.0,
      "precision_at_20": 0.05,
      "enrichment_at_20": 28.956250000000004,
      "recall_at_20": 0.125,
      "ndcg_at_20": 0.05954496680255472,
      "precision_at_50": 0.02,
      "enrichment_at_50": 11.582500000000001,
      "recall_at_50": 0.125,
      "ndcg_at_50": 0.05954496680255472,
      "mean_ref_rank": 1775.5,
      "average_precision": 0.01164906365480674,
      "method": "seed_fisher",
      "description": "Hypergeometric on 1395 seeds (BIFO universe)"
    },
    {
      "n_scored": 4633.0,
      "n_reference": 8.0,
      "background_rate": 0.0017267429311461256,
      "precision_at_10": 0.0,
      "enrichment_at_10": 0.0,
      "recall_at_10": 0.0,
      "ndcg_at_10": 0.0,
      "precision_at_20": 0.0,
      "enrichment_at_20": 0.0,
      "recall_at_20": 0.0,
      "ndcg_at_20": 0.0,
      "precision_at_50": 0.0,
      "enrichment_at_50": 0.0,
      "recall_at_50": 0.0,
      "ndcg_at_50": 0.0,
      "mean_ref_rank": 3709.625,
      "average_precision": 0.0011253102578952482,
      "method": "neighborhood_fisher",
      "description": "Hypergeometric on 59033 1-hop genes (BIFO universe)"
    },
    {
      "n_scored": 4633.0,
      "n_reference": 8.0,
      "background_rate": 0.0017267429311461256,
      "precision_at_10": 0.1,
      "enrichment_at_10": 57.91250000000001,
      "recall_at_10": 0.125,
      "ndcg_at_10": 0.0761433407173835,
      "precision_at_20": 0.05,
      "enrichment_at_20": 28.956250000000004,
      "recall_at_20": 0.125,
      "ndcg_at_20": 0.0761433407173835,
      "precision_at_50": 0.02,
      "enrichment_at_50": 11.582500000000001,
      "recall_at_50": 0.125,
      "ndcg_at_50": 0.0761433407173835,
      "mean_ref_rank": 1676.5,
      "average_precision": 0.016351546883749467,
      "method": "raw_ppr_gsea",
      "description": "Preranked GSEA on raw PPR scores (BIFO universe)"
    },
    {
      "n_scored": 4633.0,
      "n_reference": 8.0,
      "background_rate": 0.0017267429311461256,
      "precision_at_10": 0.0,
      "enrichment_at_10": 0.0,
      "recall_at_10": 0.0,
      "ndcg_at_10": 0.0,
      "precision_at_20": 0.05,
      "enrichment_at_20": 28.956250000000004,
      "recall_at_20": 0.125,
      "ndcg_at_20": 0.06323567569191428,
      "precision_at_50": 0.02,
      "enrichment_at_50": 11.582500000000001,
      "recall_at_50": 0.125,
      "ndcg_at_50": 0.06323567569191428,
      "mean_ref_rank": 2496.0,
      "average_precision": 0.009951121640078742,
      "method": "cond_ppr_gsea",
      "description": "Preranked GSEA on conditioned PPR scores (BIFO universe)"
    },
    {
      "n_scored": 5203.0,
      "n_reference": 9.0,
      "background_rate": 0.0017297712857966558,
      "precision_at_10": 0.0,
      "enrichment_at_10": 0.0,
      "recall_at_10": 0.0,
      "ndcg_at_10": 0.0,
      "precision_at_20": 0.0,
      "enrichment_at_20": 0.0,
      "recall_at_20": 0.0,
      "ndcg_at_20": 0.0,
      "precision_at_50": 0.0,
      "enrichment_at_50": 0.0,
      "recall_at_50": 0.0,
      "ndcg_at_50": 0.0,
      "mean_ref_rank": 5194.888888888889,
      "average_precision": 0.0009621144927212091,
      "method": "bifo_full",
      "description": "BIFO-conditioned degree_norm pathway scoring"
    }
  ]
}