{
  "parameters": {
    "alpha": 0.5,
    "n_seeds_provided": 1395,
    "n_seeds_in_graph": 1395,
    "n_heldout_provided": 1395,
    "n_heldout_in_graph": 1395,
    "missing_seeds": [],
    "missing_heldout": []
  },
  "coverage": {
    "total_nodes": 880476,
    "total_concept_nodes": 880476,
    "total_code_nodes": 0,
    "resolved_code_nodes": 0,
    "unresolved_code_nodes": 0,
    "resolved_concept_nodes": 505859,
    "unresolved_concept_nodes": 374617,
    "concept_fallthrough_count": 374617,
    "level1_concept_coverage": 0.5745290047656041,
    "total_edges": 6481897,
    "total_concept_edges": 5863923,
    "concept_edges_with_resolved_endpoints": 5066189,
    "kept_edges": 2647055,
    "dropped_edges": 3216868,
    "dropped_non_flow": 19531,
    "dropped_unmapped_predicate": 2399603,
    "dropped_unresolved_entity": 797734,
    "level2_edge_coverage": 0.45141366965425705
  },
  "concept_fallthrough_count": 374617,
  "concept_fallthrough_preview": [
    "-",
    "C0000618",
    "C0001056",
    "C0001109",
    "C0001118",
    "C0001202",
    "C0001457",
    "C0001473",
    "C0001479",
    "C0002059",
    "C0002191",
    "C0002335",
    "C0002555",
    "C0002641",
    "C0002644",
    "C0002697",
    "C0003006",
    "C0003017",
    "C0003143",
    "C0003420",
    "C0003438",
    "C0003592",
    "C0003596",
    "C0003778",
    "C0003805",
    "C0003997",
    "C0004259",
    "C0004609",
    "C0004827",
    "C0004906",
    "C0004975",
    "C0005321",
    "C0005443",
    "C0005690",
    "C0006230",
    "C0006388",
    "C0006961",
    "C0007261",
    "C0007550",
    "C0007552",
    "C0007556",
    "C0007716",
    "C0007722",
    "C0007735",
    "C0007737",
    "C0007876",
    "C0008269",
    "C0008280",
    "C0008290",
    "C0008296",
    "C0008318",
    "C0008385",
    "C0008473",
    "C0008929",
    "C0008932",
    "C0009008",
    "C0009010",
    "C0009074",
    "C0009077",
    "C0009262",
    "C0009506",
    "C0009523",
    "C0009526",
    "C0009681",
    "C0009812",
    "C0010590",
    "C0010620",
    "C0010642",
    "C0010666",
    "C0010805",
    "C0011015",
    "C0011103",
    "C0011145",
    "C0011685",
    "C0012022",
    "C0012125",
    "C0012291",
    "C0012524",
    "C0012702",
    "C0012889",
    "C0012890",
    "C0013015",
    "C0013390",
    "C0013456",
    "C0013615",
    "C0014272",
    "C0014314",
    "C0014467",
    "C0014792",
    "C0014912",
    "C0014914",
    "C0015021",
    "C0015046",
    "C0015133",
    "C0015249",
    "C0015338",
    "C0015402",
    "C0015502",
    "C0015522",
    "C0015840"
  ],
  "graph_stats": {
    "raw_concept_edges": 5863923,
    "conditioned_propagating_edges": 2256073,
    "flow_class_distribution": {
      "Protein Interaction": 165,
      "Spatial constraint": 184570,
      "Signal Transduction": 537021,
      "Transcription": 160091,
      "Genetic Regulatory Modulation": 2164,
      "Pathway Contribution": 1043494,
      "Translation": 2626,
      "Signal Termination": 35175,
      "Perturbational Effect": 290750,
      "Biochemical Transformation": 13,
      "Molecular \u2192 Phenotype": 4
    }
  },
  "raw": {
    "auroc": 0.9999977248967956,
    "auprc": 0.9909401757364931,
    "localization": 0.6129447996606217,
    "topk_50": 0.96,
    "topk_100": 0.98,
    "entropy": 9.646089262145841
  },
  "metadata_filtered": {
    "auroc": 0.9999977248967955,
    "auprc": 0.9909401757364931,
    "localization": 0.6082387890731489,
    "topk_50": 0.96,
    "topk_100": 0.98,
    "entropy": 9.53804615593881
  },
  "conditioned": {
    "auroc": 0.9999999999999999,
    "auprc": 0.9999999999999999,
    "localization": 0.6450631540630221,
    "topk_50": 1.0,
    "topk_100": 1.0,
    "entropy": 9.570744744850824
  },
  "random_sparsification_control": {
    "auroc": 0.9999978292742903,
    "auprc": 0.9934177984217678,
    "localization": 0.6172765279118222,
    "topk_50": 0.98,
    "topk_100": 0.99,
    "entropy": 9.575944385803378
  }
}