{
  "parameters": {
    "min_members": 8,
    "max_members": 300,
    "n_pathways_universe": 550,
    "n_chd_reference": 11,
    "n_seeds": 30,
    "n_hop1_genes": 1926,
    "n_gene_universe": 12978
  },
  "methods": [
    {
      "n_scored": 550.0,
      "n_reference": 11.0,
      "background_rate": 0.02,
      "precision_at_10": 0.0,
      "enrichment_at_10": 0.0,
      "recall_at_10": 0.0,
      "ndcg_at_10": 0.0,
      "precision_at_20": 0.1,
      "enrichment_at_20": 5.0,
      "recall_at_20": 0.18181818181818182,
      "ndcg_at_20": 0.10324689835878803,
      "precision_at_50": 0.12,
      "enrichment_at_50": 6.0,
      "recall_at_50": 0.5454545454545454,
      "ndcg_at_50": 0.2764195475929918,
      "mean_ref_rank": 53.54545454545455,
      "average_precision": 0.12690916669393343,
      "method": "seed_fisher",
      "description": "Hypergeometric on 30 seeds (BIFO universe)"
    },
    {
      "n_scored": 550.0,
      "n_reference": 11.0,
      "background_rate": 0.02,
      "precision_at_10": 0.0,
      "enrichment_at_10": 0.0,
      "recall_at_10": 0.0,
      "ndcg_at_10": 0.0,
      "precision_at_20": 0.0,
      "enrichment_at_20": 0.0,
      "recall_at_20": 0.0,
      "ndcg_at_20": 0.0,
      "precision_at_50": 0.02,
      "enrichment_at_50": 1.0,
      "recall_at_50": 0.09090909090909091,
      "ndcg_at_50": 0.038454937396435525,
      "mean_ref_rank": 183.8181818181818,
      "average_precision": 0.037098320622556705,
      "method": "neighborhood_fisher",
      "description": "Hypergeometric on 1926 1-hop genes (BIFO universe)"
    },
    {
      "n_scored": 550.0,
      "n_reference": 11.0,
      "background_rate": 0.02,
      "precision_at_10": 0.4,
      "enrichment_at_10": 20.0,
      "recall_at_10": 0.36363636363636365,
      "ndcg_at_10": 0.3468533046962179,
      "precision_at_20": 0.3,
      "enrichment_at_20": 15.0,
      "recall_at_20": 0.5454545454545454,
      "ndcg_at_20": 0.4335585853623624,
      "precision_at_50": 0.16,
      "enrichment_at_50": 8.0,
      "recall_at_50": 0.7272727272727273,
      "ndcg_at_50": 0.5194278997935735,
      "mean_ref_rank": 44.72727272727273,
      "average_precision": 0.30839202202517435,
      "method": "raw_ppr_gsea",
      "description": "Preranked GSEA on raw PPR scores (BIFO universe)"
    },
    {
      "n_scored": 550.0,
      "n_reference": 11.0,
      "background_rate": 0.02,
      "precision_at_10": 0.4,
      "enrichment_at_10": 20.0,
      "recall_at_10": 0.36363636363636365,
      "ndcg_at_10": 0.3468533046962179,
      "precision_at_20": 0.25,
      "enrichment_at_20": 12.5,
      "recall_at_20": 0.45454545454545453,
      "ndcg_at_20": 0.3828275482940878,
      "precision_at_50": 0.16,
      "enrichment_at_50": 8.0,
      "recall_at_50": 0.7272727272727273,
      "ndcg_at_50": 0.5166644855809741,
      "mean_ref_rank": 58.72727272727273,
      "average_precision": 0.2961230076396466,
      "method": "cond_ppr_gsea",
      "description": "Preranked GSEA on conditioned PPR scores (BIFO universe)"
    },
    {
      "n_scored": 550.0,
      "n_reference": 11.0,
      "background_rate": 0.02,
      "precision_at_10": 0.5,
      "enrichment_at_10": 25.0,
      "recall_at_10": 0.45454545454545453,
      "ndcg_at_10": 0.5572998242663683,
      "precision_at_20": 0.4,
      "enrichment_at_20": 20.0,
      "recall_at_20": 0.7272727272727273,
      "ndcg_at_20": 0.6774688645620394,
      "precision_at_50": 0.16,
      "enrichment_at_50": 8.0,
      "recall_at_50": 0.7272727272727273,
      "ndcg_at_50": 0.6774688645620394,
      "mean_ref_rank": 72.72727272727273,
      "average_precision": 0.45033629017054916,
      "method": "bifo_full",
      "description": "BIFO-conditioned degree_norm pathway scoring"
    }
  ]
}